Workbook

Sheet Curr
C1: NOK
B2: EUR | C2: 11.3
B3: SEK | C3: 1.02
B4: DKK | C4: 1.5
B5: ISK | C5: 0.075
B6: NOK | C6: 1
B7: USD | C7: 10.6

Sheet Kalk
B2: Dates:
B3: Pax:
B4: Rooming:
B6: ID | C6: Day | D6: Type | E6: From date | F6: To date | G6: From time | H6: To time | I6: Supplier | J6: Travel element | K6: Manual booking? | L6: Status | M6: Comments | N6: Non-refundable | O6: Refundable | P6: URL | Q6: Gross P per unit | R6: Units | S6: Gross P | T6: Supp Comm | U6: Net P | V6: Supp curr | W6: X-rate | X6: Net P NOK | Y6: Sales P per unit | Z6: Price | AA6: Sales curr | AB6: X-rate | AC6: Sales P NOK tot | AD6: GP NOK | AE6: GP % | AF6: VAT25 | AG6: VAT15 | AH6: VAT12 | AI6: VAT0-D | AJ6: VAT0-I
Q7: 0 | R7: 0 | S7: =ROUND(Q7*R7,2) | T7: 0 | U7: =ROUND(S7*(1-T7),2) | V7: EUR | W7: =IFERROR(VLOOKUP(V7,Curr!$B$2:$C$13,2,FALSE),0) | X7: =ROUND(U7*W7,2) | Y7: =Q7 | Z7: =ROUND(Y7*R7,2) | AA7: EUR | AB7: =IFERROR(VLOOKUP(AA7,Curr!$B$2:$C$13,2,FALSE),0) | AC7: =ROUND(Y7*AB7*R7,2) | AD7: =ROUND(AC7-X7,2) | AE7: =IFERROR(AD7/AC7,0)
Q8: 0 | R8: 0 | S8: =ROUND(Q8*R8,2) | T8: 0 | U8: =ROUND(S8*(1-T8),2) | V8: EUR | W8: =IFERROR(VLOOKUP(V8,Curr!$B$2:$C$13,2,FALSE),0) | X8: =ROUND(U8*W8,2) | Y8: =Q8 | Z8: =ROUND(Y8*R8,2) | AA8: EUR | AB8: =IFERROR(VLOOKUP(AA8,Curr!$B$2:$C$13,2,FALSE),0) | AC8: =ROUND(Y8*AB8*R8,2) | AD8: =ROUND(AC8-X8,2) | AE8: =IFERROR(AD8/AC8,0)
Q9: 0 | R9: 0 | S9: =ROUND(Q9*R9,2) | T9: 0 | U9: =ROUND(S9*(1-T9),2) | V9: EUR | W9: =IFERROR(VLOOKUP(V9,Curr!$B$2:$C$13,2,FALSE),0) | X9: =ROUND(U9*W9,2) | Y9: =Q9 | Z9: =ROUND(Y9*R9,2) | AA9: EUR | AB9: =IFERROR(VLOOKUP(AA9,Curr!$B$2:$C$13,2,FALSE),0) | AC9: =ROUND(Y9*AB9*R9,2) | AD9: =ROUND(AC9-X9,2) | AE9: =IFERROR(AD9/AC9,0)
Q10: 0 | R10: 0 | S10: =ROUND(Q10*R10,2) | T10: 0 | U10: =ROUND(S10*(1-T10),2) | V10: EUR | W10: =IFERROR(VLOOKUP(V10,Curr!$B$2:$C$13,2,FALSE),0) | X10: =ROUND(U10*W10,2) | Y10: =Q10 | Z10: =ROUND(Y10*R10,2) | AA10: EUR | AB10: =IFERROR(VLOOKUP(AA10,Curr!$B$2:$C$13,2,FALSE),0) | AC10: =ROUND(Y10*AB10*R10,2) | AD10: =ROUND(AC10-X10,2) | AE10: =IFERROR(AD10/AC10,0)
Q11: 0 | R11: 0 | S11: =ROUND(Q11*R11,2) | T11: 0 | U11: =ROUND(S11*(1-T11),2) | V11: EUR | W11: =IFERROR(VLOOKUP(V11,Curr!$B$2:$C$13,2,FALSE),0) | X11: =ROUND(U11*W11,2) | Y11: =Q11 | Z11: =ROUND(Y11*R11,2) | AA11: EUR | AB11: =IFERROR(VLOOKUP(AA11,Curr!$B$2:$C$13,2,FALSE),0) | AC11: =ROUND(Y11*AB11*R11,2) | AD11: =ROUND(AC11-X11,2) | AE11: =IFERROR(AD11/AC11,0)
Q12: 0 | R12: 0 | S12: =ROUND(Q12*R12,2) | T12: 0 | U12: =ROUND(S12*(1-T12),2) | V12: EUR | W12: =IFERROR(VLOOKUP(V12,Curr!$B$2:$C$13,2,FALSE),0) | X12: =ROUND(U12*W12,2) | Y12: =Q12 | Z12: =ROUND(Y12*R12,2) | AA12: EUR | AB12: =IFERROR(VLOOKUP(AA12,Curr!$B$2:$C$13,2,FALSE),0) | AC12: =ROUND(Y12*AB12*R12,2) | AD12: =ROUND(AC12-X12,2) | AE12: =IFERROR(AD12/AC12,0)
Q13: 0 | R13: 0 | S13: =ROUND(Q13*R13,2) | T13: 0 | U13: =ROUND(S13*(1-T13),2) | V13: EUR | W13: =IFERROR(VLOOKUP(V13,Curr!$B$2:$C$13,2,FALSE),0) | X13: =ROUND(U13*W13,2) | Y13: =Q13 | Z13: =ROUND(Y13*R13,2) | AA13: EUR | AB13: =IFERROR(VLOOKUP(AA13,Curr!$B$2:$C$13,2,FALSE),0) | AC13: =ROUND(Y13*AB13*R13,2) | AD13: =ROUND(AC13-X13,2) | AE13: =IFERROR(AD13/AC13,0)
Q14: 0 | R14: 0 | S14: =ROUND(Q14*R14,2) | T14: 0 | U14: =ROUND(S14*(1-T14),2) | V14: EUR | W14: =IFERROR(VLOOKUP(V14,Curr!$B$2:$C$13,2,FALSE),0) | X14: =ROUND(U14*W14,2) | Y14: =Q14 | Z14: =ROUND(Y14*R14,2) | AA14: EUR | AB14: =IFERROR(VLOOKUP(AA14,Curr!$B$2:$C$13,2,FALSE),0) | AC14: =ROUND(Y14*AB14*R14,2) | AD14: =ROUND(AC14-X14,2) | AE14: =IFERROR(AD14/AC14,0)
Q15: 0 | R15: 0 | S15: =ROUND(Q15*R15,2) | T15: 0 | U15: =ROUND(S15*(1-T15),2) | V15: EUR | W15: =IFERROR(VLOOKUP(V15,Curr!$B$2:$C$13,2,FALSE),0) | X15: =ROUND(U15*W15,2) | Y15: =Q15 | Z15: =ROUND(Y15*R15,2) | AA15: EUR | AB15: =IFERROR(VLOOKUP(AA15,Curr!$B$2:$C$13,2,FALSE),0) | AC15: =ROUND(Y15*AB15*R15,2) | AD15: =ROUND(AC15-X15,2) | AE15: =IFERROR(AD15/AC15,0)
Q16: 0 | R16: 0 | S16: =ROUND(Q16*R16,2) | T16: 0 | U16: =ROUND(S16*(1-T16),2) | V16: EUR | W16: =IFERROR(VLOOKUP(V16,Curr!$B$2:$C$13,2,FALSE),0) | X16: =ROUND(U16*W16,2) | Y16: =Q16 | Z16: =ROUND(Y16*R16,2) | AA16: EUR | AB16: =IFERROR(VLOOKUP(AA16,Curr!$B$2:$C$13,2,FALSE),0) | AC16: =ROUND(Y16*AB16*R16,2) | AD16: =ROUND(AC16-X16,2) | AE16: =IFERROR(AD16/AC16,0)
Q17: 0 | R17: 0 | S17: =ROUND(Q17*R17,2) | T17: 0 | U17: =ROUND(S17*(1-T17),2) | V17: EUR | W17: =IFERROR(VLOOKUP(V17,Curr!$B$2:$C$13,2,FALSE),0) | X17: =ROUND(U17*W17,2) | Y17: =Q17 | Z17: =ROUND(Y17*R17,2) | AA17: EUR | AB17: =IFERROR(VLOOKUP(AA17,Curr!$B$2:$C$13,2,FALSE),0) | AC17: =ROUND(Y17*AB17*R17,2) | AD17: =ROUND(AC17-X17,2) | AE17: =IFERROR(AD17/AC17,0)
Q18: 0 | R18: 0 | S18: =ROUND(Q18*R18,2) | T18: 0 | U18: =ROUND(S18*(1-T18),2) | V18: EUR | W18: =IFERROR(VLOOKUP(V18,Curr!$B$2:$C$13,2,FALSE),0) | X18: =ROUND(U18*W18,2) | Y18: =Q18 | Z18: =ROUND(Y18*R18,2) | AA18: EUR | AB18: =IFERROR(VLOOKUP(AA18,Curr!$B$2:$C$13,2,FALSE),0) | AC18: =ROUND(Y18*AB18*R18,2) | AD18: =ROUND(AC18-X18,2) | AE18: =IFERROR(AD18/AC18,0)
... Q99: 0 | R99: 0 | S99: =ROUND(Q99*R99,2) | T99: 0 | U99: =ROUND(S99*(1-T99),2) | V99: EUR | W99: =IFERROR(VLOOKUP(V99,Curr!$B$2:$C$13,2,FALSE),0) | X99: =ROUND(U99*W99,2) | Y99: =Q99 | Z99: =ROUND(Y99*R99,2) | AA99: EUR | AB99: =IFERROR(VLOOKUP(AA99,Curr!$B$2:$C$13,2,FALSE),0) | AC99: =ROUND(Y99*AB99*R99,2) | AD99: =ROUND(AC99-X99,2) | AE99: =IFERROR(AD99/AC99,0)
B101: Totals | D101: x | E101: x | F101: x | G101: x | H101: x | I101: x | J101: x | K101: x | L101: x | M101: x | N101: x | O101: x | P101: x | Q101: x | R101: x | S101: x | T101: x | U101: x | V101: x | W101: x | X101: x | Y101: x | Z101: =SUM(Z7:Z99) | AC101: =SUM(AC7:AC99) | AD101: =SUM(AD7:AD99) | AE101: =IFERROR(AD101/AC101,0) | AF101: =SUM(AF7:AF99) | AG101: =SUM(AG7:AG99) | AH101: =SUM(AH7:AH99) | AI101: =SUM(AI7:AI99) | AJ101: =SUM(AJ7:AJ99)
Y103: Quote | Z103: =Z101
Y106: Ref | Z106: =Z103-Z107
Y107: NoRef
Y109: Deposit | Z109: =Z103*0.3
Y110: Second | Z110: =Z107-Z109
Y111: Rest | Z111: =Z103-Z109-Z110
